area_id,name,note,source_id,updated_at
area_6656be2076cc,あすなろ団地,,src_pdf_r7,2026-01-24T08:16:54
area_dcc2dca14e7d,三日市,,src_pdf_r7,2026-01-24T08:16:54
area_f429c83ef559,三納,,src_pdf_r7,2026-01-24T08:16:54
area_36d3bace053f,上林,,src_pdf_r7,2026-01-24T08:16:54
area_1b5c033e7211,下林,,src_pdf_r7,2026-01-24T08:16:54
area_401c1bf05d88,中林,,src_pdf_r7,2026-01-24T08:16:54
area_d4bee83dff7a,二日市,,src_pdf_r7,2026-01-24T08:16:54
area_76e801e41171,位川,,src_pdf_r7,2026-01-24T08:16:54
area_ca8adb2dd0ae,住吉町,,src_pdf_r7,2026-01-24T08:16:54
area_06b84b69b04a,堀内,,src_pdf_r7,2026-01-24T08:16:54
area_34e216458fc6,太平寺,,src_pdf_r7,2026-01-24T08:16:54
area_d42fa7a42b93,御経塚,,src_pdf_r7,2026-01-24T08:16:54
area_5486bf398dfb,徳用,,src_pdf_r7,2026-01-24T08:16:54
area_cdba10e12965,扇が丘,,src_pdf_r7,2026-01-24T08:16:54
area_0650a5c7ad8d,押越,,src_pdf_r7,2026-01-24T08:16:54
area_e339205ab4cb,押野,,src_pdf_r7,2026-01-24T08:16:54
area_d5baa8712e45,新庄,,src_pdf_r7,2026-01-24T08:16:54
area_21c7f291025e,末松,,src_pdf_r7,2026-01-24T08:16:54
area_be98197bba90,本町１丁目,,src_pdf_r7,2026-01-24T08:16:54
area_a67a45d1a5e9,本町２丁目,,src_pdf_r7,2026-01-24T08:16:54
area_17aa59e9d42e,本町３丁目,,src_pdf_r7,2026-01-24T08:16:54
area_81ee12d32d3f,本町４丁目,,src_pdf_r7,2026-01-24T08:16:54
area_e82e7943e9e1,本町５丁目,,src_pdf_r7,2026-01-24T08:16:54
area_2b0a84718875,本町６丁目,,src_pdf_r7,2026-01-24T08:16:54
area_44318afe5516,柳町,,src_pdf_r7,2026-01-24T08:16:54
area_68225e1100e1,横宮町,,src_pdf_r7,2026-01-24T08:16:54
area_48bb08bffa4b,清金,,src_pdf_r7,2026-01-24T08:16:54
area_efec9fbfad17,田尻町,,src_pdf_r7,2026-01-24T08:16:54
area_6beda6327b58,白山町,,src_pdf_r7,2026-01-24T08:16:54
area_a8e92fc18fe2,矢作,,src_pdf_r7,2026-01-24T08:16:54
area_280acfa79fad,稲荷,,src_pdf_r7,2026-01-24T08:16:54
area_30db10eb1d01,粟田,,src_pdf_r7,2026-01-24T08:16:54
area_91758304ae13,若松町,,src_pdf_r7,2026-01-24T08:16:54
area_56c56614b69e,菅原団地,,src_pdf_r7,2026-01-24T08:16:54
area_9153f9704039,菅原町,,src_pdf_r7,2026-01-24T08:16:54
area_845cc9affe42,蓮花寺町,,src_pdf_r7,2026-01-24T08:16:54
area_11691b02db4f,藤平,,src_pdf_r7,2026-01-24T08:16:54
area_9c7e0f710979,藤平田,,src_pdf_r7,2026-01-24T08:16:54
area_fea328d2cbb2,野代,,src_pdf_r7,2026-01-24T08:16:54
area_86f838d95caa,長池,,src_pdf_r7,2026-01-24T08:16:54
area_c6dfe93e1334,高橋町,,src_pdf_r7,2026-01-24T08:16:54
